{
  "atoms": [
    [
      5.4593604435,
      3.02969505828531,
      -0.07557154997236759
    ],
    [
      1.9170354434999999,
      3.123825211714689,
      0.0755731607522428
    ],
    [
      0.0,
      6.15352027,
      0.0
    ],
    [
      1.6252895565,
      9.27734548171469,
      0.0755749728796024
    ],
    [
      5.1676145565,
      9.183215328285309,
      -0.0755699391924924
    ],
    [
      3.542325,
      12.30704054,
      0.0
    ]
  ],
  "vectors": [
    [
      -0.5086223989346618,
      -0.8609873481966138,
      -0.002010359995789108
    ],
    [
      -0.5068805095246819,
      0.8620139491916619,
      0.0020249599981013
    ],
    [
      0.9616537300702901,
      -0.26881964001964886,
      0.05438846000397542
    ],
    [
      -0.5086272022578837,
      -0.8609845238220591,
      -0.002004710008899193
    ],
    [
      -0.5068773310221756,
      0.8620158317383523,
      0.002019190004071905
    ],
    [
      0.9621964488604253,
      0.2668672496839365,
      -0.054404639935565866
    ]
  ]
}